ID,YEAR,latitude,longitude,FIPS_STATE,state
6930372,2018,37.7906,-122.222,06,CA
6930707,2018,37.7064,-122.165,06,CA
6930290,2018,37.8554,-122.257,06,CA
6930947,2018,37.6337,-122.089,06,CA
6932180,2018,37.8369,-122.267,06,CA
6930133,2018,37.6983,-122.09,06,CA
6930275,2018,37.7985,-122.232,06,CA
6932116,2018,37.5573,-121.98,06,CA
6930031,2018,37.8215,-122.263,06,CA
6930067,2018,37.8235,-122.258,06,CA
6930023,2018,37.5465,-121.98,06,CA
6930107,2018,37.6934,-121.88,06,CA
6933261,2018,37.7162,-122.131,06,CA
6933258,2018,37.7122,-122.143,06,CA
6930030,2018,37.7628,-122.253,06,CA
6930413,2018,37.5524,-121.974,06,CA
6930676,2018,37.7095,-122.118,06,CA
6931075,2018,38.3505,-120.764,06,CA
6932304,2018,39.5063,-121.541,06,CA
6930096,2018,39.7421,-121.85,06,CA
6930885,2018,39.3676,-121.69,06,CA
6932750,2018,38.1903,-120.67,06,CA
6930108,2018,37.9854,-122.038,06,CA
6931860,2018,38.0068,-122.133,06,CA
6930480,2018,37.9835,-122.034,06,CA
6933853,2018,37.9131,-122.041,06,CA
6930068,2018,37.8916,-122.059,06,CA
6930041,2018,37.7759,-121.958,06,CA
6930137,2018,37.9508,-121.775,06,CA
6930092,2018,37.9826,-121.803,06,CA
6930520,2018,41.7737,-124.194,06,CA
6933659,2018,38.9116,-119.998,06,CA
6932440,2018,38.7247,-120.791,06,CA
6930810,2018,36.8352,-119.766,06,CA
6930055,2018,36.84,-119.761,06,CA
6930815,2018,36.7733,-119.78,06,CA
6930112,2018,36.8599,-119.789,06,CA
6930065,2018,36.8251,-119.782,06,CA
6930052,2018,36.8423,-119.78,06,CA
6932560,2018,36.6081,-119.452,06,CA
6939111,2018,36.839,-119.66,06,CA
6930790,2018,36.7428,-119.784,06,CA
6930845,2018,36.8403,-119.758,06,CA
6933893,2018,39.5213,-122.208,06,CA
6930106,2018,40.7839,-124.142,06,CA
6930745,2018,40.5823,-124.137,06,CA
6930100,2018,40.8963,-124.092,06,CA
6930673,2018,40.7808,-124.16,06,CA
6930819,2018,40.1015,-123.792,06,CA
6930615,2018,32.7804,-115.568,06,CA
6930335,2018,32.9591,-115.554,06,CA
6930322,2018,37.3622,-118.407,06,CA
6931315,2018,36.609,-118.058,06,CA
6933675,2018,35.1304,-118.449,06,CA
6930190,2018,35.3829,-118.971,06,CA
6930058,2018,35.3673,-119.057,06,CA
6930210,2018,35.3833,-119.021,06,CA
6930203,2018,35.4117,-119.04,06,CA
6932595,2018,35.6409,-117.671,06,CA
6933461,2018,35.6354,-118.406,06,CA
6930555,2018,35.7623,-119.239,06,CA
6930099,2018,35.3848,-119.04,06,CA
6930102,2018,35.3728,-119.028,06,CA
6930079,2018,35.3918,-119.007,06,CA
6930274,2018,36.3238,-119.666,06,CA
6931186,2018,36.2632,-119.888,06,CA
6930920,2018,36.3361,-119.645,06,CA
6930425,2018,38.9356,-122.62,06,CA
6931160,2018,39.1044,-122.907,06,CA
6933645,2018,40.4367,-120.628,06,CA
6930098,2018,34.0655,-117.986,06,CA
6930379,2018,34.2029,-118.629,06,CA
6930850,2018,34.1281,-118.257,06,CA
6930990,2018,33.9293,-118.159,06,CA
6930689,2018,34.0881,-117.893,06,CA
6931050,2018,33.9491,-118.348,06,CA
6931790,2018,33.9308,-118.203,06,CA
6931647,2018,34.065,-118.446,06,CA
6933460,2018,34.0271,-118.486,06,CA
6930182,2018,33.3392,-118.331,06,CA
6933885,2018,33.9698,-118.049,06,CA
6930103,2018,33.808,-118.187,06,CA
6930860,2018,34.1273,-117.865,06,CA
6930104,2018,34.0697,-118.264,06,CA
6931360,2018,33.7798,-118.186,06,CA
6930742,2018,34.0592,-118.412,06,CA
6930590,2018,34.1288,-117.973,06,CA
6930074,2018,33.99,-118.378,06,CA
6931180,2018,34.5829,-118.144,06,CA
6933874,2018,34.0714,-117.945,06,CA
6933162,2018,34.1007,-118.106,06,CA
6930047,2018,33.9343,-118.131,06,CA
6933640,2018,34.241,-118.395,06,CA
6930009,2018,33.8599,-118.149,06,CA
6931178,2018,34.6885,-118.158,06,CA
6930925,2018,33.7882,-118.295,06,CA
6930127,2018,33.9163,-118.013,06,CA
6933681,2018,33.8385,-118.357,06,CA
6931985,2018,34.1488,-117.993,06,CA
6932122,2018,33.9126,-118.098,06,CA
6930824,2018,33.8901,-118.297,06,CA
6931730,2018,34.0638,-118.274,06,CA
6932620,2018,34.0887,-118.074,06,CA
6932120,2018,33.9276,-118.065,06,CA
6932030,2018,34.0679,-118.124,06,CA
6931755,2018,34.0664,-118.446,06,CA
6932010,2018,34.015,-118.101,06,CA
6931390,2018,33.7771,-118.119,06,CA
6931356,2018,33.8069,-118.193,06,CA
6931630,2018,34.1345,-118.042,06,CA
6930122,2018,34.063,-117.968,06,CA
6933784,2018,34.2188,-118.43,06,CA
6933450,2018,34.0307,-118.48,06,CA
6931770,2018,34.0493,-118.217,06,CA
6932360,2018,34.1417,-118.091,06,CA
6930399,2018,34.0976,-117.747,06,CA
6930042,2018,34.062,-118.201,06,CA
6933488,2018,34.4167,-118.562,06,CA
6931585,2018,34.0615,-118.205,06,CA
6932350,2018,34.1336,-118.153,06,CA
6930060,2018,34.0194,-118.187,06,CA
6931590,2018,34.0597,-118.232,06,CA
6933564,2018,34.0482,-118.043,06,CA
6930072,2018,34.0964,-118.325,06,CA
6931580,2018,34.0577,-118.208,06,CA
6933340,2018,33.7379,-118.305,06,CA
6931840,2018,33.9821,-118.439,06,CA
6930070,2018,34.0902,-118.144,06,CA
6930444,2018,34.0752,-118.38,06,CA
6930671,2018,34.0073,-118.266,06,CA
6932850,2018,34.0976,-117.835,06,CA
6933804,2018,34.1939,-118.463,06,CA
6931470,2018,34.0976,-118.291,06,CA
6931055,2018,34.0383,-118.376,06,CA
6932875,2018,34.2215,-118.457,06,CA
6930827,2018,33.893,-118.295,06,CA
6933695,2018,33.8103,-118.344,06,CA
6932118,2018,34.2201,-118.533,06,CA
6930132,2018,34.0573,-118.362,06,CA
6933783,2018,34.3259,-118.446,06,CA
6931440,2018,34.0374,-118.266,06,CA
6930706,2018,33.9239,-118.245,06,CA
6930651,2018,34.1569,-118.487,06,CA
6931540,2018,34.0542,-118.265,06,CA
6931670,2018,34.0962,-118.291,06,CA
6930505,2018,34.1003,-117.867,06,CA
6930675,2018,34.2003,-118.554,06,CA
6931370,2018,33.808,-118.187,06,CA
6933670,2018,34.1704,-118.532,06,CA
6930069,2018,34.0571,-118.361,06,CA
6930340,2018,34.1562,-118.328,06,CA
6932025,2018,34.0494,-118.138,06,CA
6930365,2018,33.8843,-118.103,06,CA
6933925,2018,34.157,-118.636,06,CA
6933516,2018,34.1602,-118.45,06,CA
6930831,2018,34.1503,-118.23,06,CA
6930048,2018,33.9894,-118.224,06,CA
6931530,2018,34.0849,-118.257,06,CA
6931570,2018,34.0396,-118.213,06,CA
6931758,2018,34.0527,-118.453,06,CA
6933683,2018,33.8307,-118.292,06,CA
6930540,2018,34.0232,-118.397,06,CA
6933890,2018,33.95,-118.003,06,CA
6930835,2018,34.2045,-118.216,06,CA
6933679,2018,33.8119,-118.343,06,CA
6930859,2018,34.1329,-117.871,06,CA
6932450,2018,34.0761,-117.75,06,CA
6930051,2018,34.0983,-118.295,06,CA
6933915,2018,34.1704,-118.59,06,CA
6931410,2018,34.0754,-118.248,06,CA
6930243,2018,33.9194,-118.129,06,CA
6931387,2018,34.0238,-118.184,06,CA
6932860,2018,34.279,-118.46,06,CA
6931795,2018,36.944,-120.044,06,CA
6930814,2018,36.884,-119.8,06,CA
6933362,2018,37.9589,-122.553,06,CA
6933370,2018,37.9473,-122.536,06,CA
6933367,2018,38.0043,-122.555,06,CA
6932123,2018,38.099,-122.56,06,CA
6931850,2018,37.5004,-119.978,06,CA
6933889,2018,39.3898,-123.339,06,CA
6933735,2018,39.1532,-123.203,06,CA
6930740,2018,39.4326,-123.802,06,CA
6930130,2018,37.3401,-120.467,06,CA
6931781,2018,37.0641,-120.859,06,CA
6930391,2018,41.4796,-120.545,06,CA
6932395,2018,41.5333,-120.172,06,CA
6931805,2018,37.6441,-118.964,06,CA
6932745,2018,36.6593,-121.647,06,CA
6932720,2018,36.6967,-121.633,06,CA
6931085,2018,36.2061,-121.133,06,CA
6930385,2018,36.579,-121.913,06,CA
6933180,2018,38.5426,-122.475,06,CA
6931020,2018,38.2792,-122.273,06,CA
6932050,2018,38.3252,-122.297,06,CA
6930875,2018,39.2282,-121.047,06,CA
6933700,2018,39.325,-120.201,06,CA
6930129,2018,33.6222,-117.908,06,CA
6930765,2018,33.715,-117.936,06,CA
6930046,2018,33.7475,-117.831,06,CA
6930504,2018,33.6518,-117.912,06,CA
6930117,2018,33.7828,-117.834,06,CA
6930063,2018,33.9345,-117.894,06,CA
6930094,2018,33.8197,-117.909,06,CA
6933350,2018,33.711,-117.884,06,CA
6933887,2018,33.7635,-117.995,06,CA
6930075,2018,33.8521,-117.844,06,CA
6930833,2018,33.775,-117.913,06,CA
6932290,2018,33.7865,-117.89,06,CA
6930823,2018,33.8942,-117.928,06,CA
6930503,2018,33.6633,-117.922,06,CA
6932115,2018,33.6247,-117.93,06,CA
6930775,2018,33.7004,-117.956,06,CA
6933377,2018,33.7542,-117.833,06,CA
6930374,2018,33.7306,-117.828,06,CA
6931915,2018,33.5611,-117.665,06,CA
6930272,2018,33.6089,-117.709,06,CA
6930113,2018,33.5611,-117.665,06,CA
6930093,2018,33.8255,-117.995,06,CA
6930679,2018,33.6607,-117.772,06,CA
6932287,2018,33.7808,-117.866,06,CA
693139A,2018,33.8044,-118.067,06,CA
6932435,2018,33.8871,-117.843,06,CA
6932300,2018,33.782,-117.865,06,CA
6932302,2018,33.7885,-117.826,06,CA
6931002,2018,33.7036,-117.987,06,CA
6930090,2018,33.8482,-117.935,06,CA
6931175,2018,33.8475,-118.038,06,CA
6930421,2018,38.7474,-121.251,06,CA
6930159,2018,38.9451,-121.1,06,CA
6932645,2018,38.7665,-121.249,06,CA
6930393,2018,40.3055,-121.235,06,CA
6932470,2018,39.8056,-120.462,06,CA
6932485,2018,39.9389,-120.962,06,CA
6931028,2018,33.7062,-116.235,06,CA
6930039,2018,33.719,-117.168,06,CA
6930955,2018,33.7501,-116.96,06,CA
6930045,2018,33.8728,-117.568,06,CA
6930690,2018,33.559,-117.184,06,CA
6930271,2018,33.8125,-117.222,06,CA
6930120,2018,33.927,-117.44,06,CA
6930409,2018,33.6146,-117.169,06,CA
6932605,2018,33.9046,-117.469,06,CA
6932603,2018,33.9622,-117.395,06,CA
6930325,2018,33.613,-114.595,06,CA
6932585,2018,33.9768,-117.382,06,CA
6930677,2018,33.4811,-117.106,06,CA
6930110,2018,33.9122,-117.196,06,CA
6930040,2018,33.8961,-117.186,06,CA
6932325,2018,33.8387,-116.543,06,CA
6930225,2018,33.9317,-116.946,06,CA
6932324,2018,33.7621,-116.406,06,CA
6932715,2018,38.6434,-121.365,06,CA
6933080,2018,38.553,-121.455,06,CA
6930037,2018,38.6696,-121.314,06,CA
6932697,2018,38.5499,-121.415,06,CA
6932672,2018,38.4632,-121.416,06,CA
6932662,2018,38.6019,-121.393,06,CA
6932673,2018,38.4699,-121.422,06,CA
6932670,2018,38.5698,-121.454,06,CA
6932705,2018,38.4668,-121.417,06,CA
6932680,2018,38.5549,-121.457,06,CA
6930036,2018,38.6812,-121.158,06,CA
6930734,2018,38.6702,-121.146,06,CA
6930073,2018,38.572,-121.469,06,CA
6930970,2018,36.8339,-121.386,06,CA
6930024,2018,34.0493,-117.214,06,CA
6930049,2018,34.4721,-117.298,06,CA
6932410,2018,34.138,-117.215,06,CA
6933750,2018,34.1016,-117.638,06,CA
6933703,2018,34.1327,-116.276,06,CA
6939972,2018,34.5282,-117.294,06,CA
6932000,2018,34.0787,-117.696,06,CA
6930006,2018,34.0091,-117.688,06,CA
6930121,2018,34.1294,-117.325,06,CA
6930401,2018,34.0255,-117.686,06,CA
6932284,2018,34.0689,-117.644,06,CA
6930232,2018,34.8922,-117.017,06,CA
6932765,2018,34.1312,-117.322,06,CA
6931280,2018,34.05,-117.25,06,CA
6931145,2018,34.2655,-117.168,06,CA
6932085,2018,34.8329,-114.618,06,CA
6930095,2018,34.5418,-117.266,06,CA
6933715,2018,34.2253,-116.049,06,CA
6930206,2018,34.0495,-117.264,06,CA
6930053,2018,34.0495,-117.264,06,CA
6930406,2018,34.1035,-117.566,06,CA
6932530,2018,34.0365,-117.205,06,CA
6930235,2018,35.2662,-116.688,06,CA
6930737,2018,34.0728,-117.436,06,CA
6932770,2018,34.0741,-117.351,06,CA
6932760,2018,34.1348,-117.277,06,CA
6930305,2018,34.2465,-116.888,06,CA
6930500,2018,32.6944,-117.169,06,CA
6930057,2018,32.9914,-117.075,06,CA
6930405,2018,32.6188,-117.023,06,CA
6930887,2018,32.781,-117.007,06,CA
6930648,2018,33.0369,-117.284,06,CA
6930119,2018,32.7984,-117.155,06,CA
6932810,2018,32.7515,-117.16,06,CA
6930669,2018,32.7745,-117.044,06,CA
6932080,2018,32.6851,-117.083,06,CA
6932785,2018,32.7994,-117.155,06,CA
6932820,2018,32.7543,-117.166,06,CA
6932775,2018,32.7979,-117.151,06,CA
6932840,2018,32.7251,-117.144,06,CA
6930116,2018,32.7497,-117.16,06,CA
6930605,2018,32.7562,-117.144,06,CA
6932270,2018,33.2213,-117.389,06,CA
6930660,2018,33.0979,-117.111,06,CA
6931140,2018,32.8968,-117.243,06,CA
6932779,2018,32.777,-117.057,06,CA
6932811,2018,32.7964,-117.155,06,CA
6931130,2018,32.8858,-117.225,06,CA
6932825,2018,32.8751,-117.232,06,CA
6932813,2018,32.7538,-117.202,06,CA
6932267,2018,33.1857,-117.291,06,CA
6930889,2018,32.9966,-117.056,06,CA
6931173,2018,32.7914,-117.095,06,CA
6932950,2018,37.7489,-122.457,06,CA
6933060,2018,37.7557,-122.405,06,CA
6933050,2018,37.774,-122.454,06,CA
6932890,2018,37.7955,-122.409,06,CA
6930015,2018,37.7823,-122.443,06,CA
6930043,2018,37.7638,-122.458,06,CA
6930672,2018,37.7278,-122.431,06,CA
6932900,2018,37.7691,-122.436,06,CA
6933040,2018,37.7477,-122.421,06,CA
6933140,2018,37.7823,-122.505,06,CA
6933020,2018,37.7896,-122.417,06,CA
6930032,2018,37.7908,-122.431,06,CA
6933620,2018,37.9706,-121.288,06,CA
6933617,2018,37.9766,-121.291,06,CA
6930780,2018,37.8867,-121.283,06,CA
6933610,2018,37.9615,-121.302,06,CA
6931831,2018,37.8015,-121.198,06,CA
6930007,2018,38.1216,-121.287,06,CA
6930059,2018,37.798,-121.246,06,CA
6933685,2018,37.7441,-121.434,06,CA
6933270,2018,35.2782,-120.651,06,CA
6933687,2018,35.5553,-120.72,06,CA
6933295,2018,35.2922,-120.666,06,CA
6930123,2018,35.1127,-120.592,06,CA
6930145,2018,35.4595,-120.643,06,CA
6933266,2018,35.7948,-121.344,06,CA
6932555,2018,37.4797,-122.255,06,CA
6933310,2018,37.5313,-122.299,06,CA
6932980,2018,37.6799,-122.474,06,CA
6932551,2018,37.4891,-122.225,06,CA
6930062,2018,37.4615,-122.159,06,CA
6930315,2018,37.5921,-122.383,06,CA
6933580,2018,37.6577,-122.438,06,CA
6933401,2018,34.4331,-119.81,06,CA
6933375,2018,34.4299,-119.723,06,CA
6931300,2018,34.6407,-120.44,06,CA
6933525,2018,34.602,-120.126,06,CA
6933440,2018,34.9512,-120.413,06,CA
6930674,2018,34.4443,-119.781,06,CA
6930076,2018,37.2521,-121.946,06,CA
6930731,2018,37.2489,-121.775,06,CA
6933605,2018,37.4361,-122.175,06,CA
6930830,2018,37.0365,-121.571,06,CA
6932330,2018,37.433,-122.175,06,CA
6931392,2018,37.3695,-122.08,06,CA
6933235,2018,37.2398,-121.8,06,CA
6933402,2018,37.3359,-121.998,06,CA
6933240,2018,37.3132,-121.934,06,CA
6933210,2018,37.3279,-121.938,06,CA
6933199,2018,37.3623,-121.85,06,CA
6930064,2018,37.4056,-122.14,06,CA
6930008,2018,36.9902,-121.984,06,CA
6933860,2018,36.9272,-121.793,06,CA
6930077,2018,36.9878,-121.977,06,CA
6930118,2018,40.5851,-122.414,06,CA
6932520,2018,40.5714,-122.396,06,CA
6932525,2018,40.5855,-122.388,06,CA
6930114,2018,40.5859,-122.417,06,CA
6930739,2018,41.0238,-121.424,06,CA
6932032,2018,41.3187,-122.321,06,CA
6933940,2018,41.7194,-122.646,06,CA
6933765,2018,38.1178,-122.249,06,CA
6930422,2018,38.3885,-121.938,06,CA
6933335,2018,38.3332,-121.979,06,CA
6930735,2018,38.27,-121.964,06,CA
6930403,2018,38.2619,-122.048,06,CA
6933755,2018,38.1277,-122.248,06,CA
6933777,2018,38.1312,-122.237,06,CA
6930029,2018,38.4721,-122.727,06,CA
6930109,2018,38.4438,-122.701,06,CA
6930630,2018,38.3486,-122.518,06,CA
6933520,2018,38.2881,-122.465,06,CA
6933480,2018,38.4951,-122.752,06,CA
6933500,2018,38.3972,-122.819,06,CA
6930950,2018,38.627,-122.865,06,CA
6930741,2018,38.4504,-122.772,06,CA
6932412,2018,38.2546,-122.632,06,CA
6930016,2018,37.6652,-120.997,06,CA
6933730,2018,37.5118,-120.839,06,CA
6931929,2018,37.6688,-120.974,06,CA
6930682,2018,37.6434,-120.991,06,CA
6930101,2018,37.6648,-120.959,06,CA
6932125,2018,37.7575,-120.861,06,CA
6930724,2018,37.6971,-120.975,06,CA
6930376,2018,39.1318,-121.613,06,CA
6932500,2018,40.1486,-122.219,06,CA
6933865,2018,40.7381,-122.94,06,CA
6933850,2018,36.3283,-119.295,06,CA
6932465,2018,36.0439,-118.98,06,CA
6932466,2018,36.0688,-119.027,06,CA
6933533,2018,37.9772,-120.371,06,CA
6930360,2018,34.2435,-119.02,06,CA
6933820,2018,34.2803,-119.254,06,CA
6932310,2018,34.2166,-119.156,06,CA
6932275,2018,34.4428,-119.264,06,CA
6933505,2018,34.2892,-118.745,06,CA
6933672,2018,34.2074,-118.882,06,CA
6933805,2018,34.308,-119.283,06,CA
6930131,2018,34.2746,-119.258,06,CA
6930548,2018,38.5626,-121.771,06,CA
6933910,2018,38.664,-121.792,06,CA
6930268,2018,39.1387,-121.595,06,CA
6840430,2018,39.7448,-104.99,08,CO
6840280,2018,39.7421,-104.835,08,CO
6840475,2018,39.8504,-104.98,08,CO
6840067,2018,39.9639,-104.769,08,CO
6840458,2018,39.8635,-104.985,08,CO
6840010,2018,37.4722,-105.883,08,CO
6840530,2018,39.6542,-104.981,08,CO
6840014,2018,39.6886,-104.832,08,CO
6840024,2018,39.7279,-104.827,08,CO
6849231,2018,39.5586,-104.827,08,CO
6840429,2018,39.5744,-105,08,CO
6840805,2018,39.5763,-104.986,08,CO
6840740,2018,39.6542,-104.979,08,CO
6840013,2018,39.7311,-104.827,08,CO
6840041,2018,37.2521,-107.079,08,CO
6840911,2018,37.4042,-102.612,08,CO
6840030,2018,39.9519,-105.152,08,CO
6840040,2018,40.0163,-105.236,08,CO
6840021,2018,39.9705,-105.086,08,CO
6849230,2018,40.1634,-105.03,08,CO
6840050,2018,39.952,-105.148,08,CO
6840755,2018,40.1823,-105.126,08,CO
6840965,2018,39.9564,-104.991,08,CO
6840900,2018,38.5432,-106.009,08,CO
6840130,2018,38.8257,-102.356,08,CO
6840725,2018,37.2629,-105.966,08,CO
6840240,2018,38.7454,-108.047,08,CO
6840365,2018,39.747,-104.967,08,CO
6840360,2018,39.67,-104.975,08,CO
6840156,2018,39.67,-104.975,08,CO
6840460,2018,39.7321,-104.936,08,CO
6840315,2018,39.7391,-104.941,08,CO
6840465,2018,39.7463,-104.965,08,CO
6840015,2018,39.6415,-105.034,08,CO
6840290,2018,39.7282,-104.991,08,CO
6840011,2018,39.7435,-105.035,08,CO
6840400,2018,39.7462,-104.972,08,CO
6840325,2018,39.7322,-104.934,08,CO
6840039,2018,39.5628,-104.908,08,CO
6840023,2018,39.5291,-104.871,08,CO
6849223,2018,39.4053,-104.887,08,CO
6840022,2018,39.5486,-104.771,08,CO
6840950,2018,39.6435,-106.382,08,CO
6840026,2018,38.8281,-104.791,08,CO
6840090,2018,38.7204,-104.797,08,CO
6840160,2018,38.8021,-104.817,08,CO
6840239,2018,38.9374,-104.713,08,CO
6840190,2018,38.8399,-104.799,08,CO
6840002,2018,38.8655,-104.822,08,CO
6849226,2018,38.911,-104.817,08,CO
6840120,2018,38.4557,-105.23,08,CO
6840885,2018,39.5212,-107.77,08,CO
6840617,2018,39.5326,-107.322,08,CO
6849170,2018,40.057,-106.39,08,CO
6840660,2018,38.5519,-106.925,08,CO
6840952,2018,37.6003,-104.832,08,CO
6840385,2018,39.717,-105.129,08,CO
6849221,2018,39.7171,-105.129,08,CO
6840520,2018,39.642,-105.101,08,CO
6840012,2018,39.7681,-105.09,08,CO
6849225,2018,39.9104,-105.091,08,CO
6849090,2018,38.4809,-102.784,08,CO
6840080,2018,39.303,-102.271,08,CO
6840760,2018,39.2449,-106.302,08,CO
6840029,2018,37.2481,-107.871,08,CO
6840016,2018,37.2361,-107.826,08,CO
6840033,2018,40.4158,-104.997,08,CO
6840782,2018,40.4132,-105.051,08,CO
6840445,2018,40.5213,-105.009,08,CO
6840540,2018,40.3716,-105.515,08,CO
6840018,2018,40.5716,-105.057,08,CO
6840940,2018,37.1737,-104.488,08,CO
6849160,2018,39.1383,-103.473,08,CO
6840920,2018,40.6126,-103.221,08,CO
6840645,2018,39.0763,-108.541,08,CO
6840416,2018,39.0788,-108.521,08,CO
6849120,2018,39.1052,-108.615,08,CO
6840600,2018,39.1637,-108.737,08,CO
6840625,2018,39.0905,-108.563,08,CO
6840217,2018,40.5187,-107.58,08,CO
6840215,2018,37.3619,-108.575,08,CO
6840795,2018,38.4801,-107.869,08,CO
6840590,2018,40.2601,-103.796,08,CO
6840070,2018,40.2556,-103.649,08,CO
6840730,2018,37.9788,-103.549,08,CO
6840683,2018,40.5791,-102.29,08,CO
6840665,2018,40.6415,-102.63,08,CO
6840020,2018,39.1922,-106.839,08,CO
6840750,2018,38.0698,-102.61,08,CO
6840830,2018,38.2896,-104.63,08,CO
6840850,2018,38.2819,-104.613,08,CO
6840840,2018,38.234,-104.623,08,CO
6840785,2018,40.0463,-107.881,08,CO
6840875,2018,40.083,-108.802,08,CO
6840019,2018,37.6744,-106.365,08,CO
6840915,2018,40.4633,-106.815,08,CO
6840715,2018,40.9936,-102.269,08,CO
6840032,2018,39.5694,-106.079,08,CO
6840038,2018,38.9746,-105.074,08,CO
6840037,2018,40.4061,-104.971,08,CO
6840650,2018,40.4148,-104.71,08,CO
6840034,2018,40.4061,-104.971,08,CO
6840985,2018,40.1205,-102.737,08,CO
6840980,2018,40.0762,-102.235,08,CO
6441870,2018,46.4247,-86.6239,26,MI
6440030,2018,42.5196,-85.8564,26,MI
6440080,2018,45.0776,-83.4494,26,MI
6441990,2018,43.9819,-83.9688,26,MI
6441585,2018,46.7319,-88.4246,26,MI
6441320,2018,42.6447,-85.3028,26,MI
6440190,2018,43.5884,-83.8681,26,MI
6440019,2018,43.6021,-83.9237,26,MI
6441070,2018,44.6365,-86.2424,26,MI
6442485,2018,42.1856,-86.2487,26,MI
6440215,2018,42.0886,-86.4783,26,MI
6440360,2018,41.9382,-84.9894,26,MI
6440185,2018,42.3245,-85.2977,26,MI
6440155,2018,42.3314,-85.1784,26,MI
6440046,2018,42.3314,-85.1784,26,MI
6441750,2018,42.2736,-84.9571,26,MI
6440930,2018,41.9833,-86.1151,26,MI
6440310,2018,45.3143,-85.2746,26,MI
6442330,2018,46.4981,-84.3501,26,MI
6440332,2018,43.8207,-84.7684,26,MI
6442310,2018,42.9932,-84.5547,26,MI
6441240,2018,44.6676,-84.708,26,MI
6441000,2018,45.7463,-87.0974,26,MI
6441445,2018,45.8102,-88.0615,26,MI
6441440,2018,45.8098,-88.0445,26,MI
6440970,2018,42.4952,-84.6588,26,MI
6440320,2018,42.5655,-84.8319,26,MI
6442035,2018,45.3741,-84.9698,26,MI
6441038,2018,43.0142,-83.7326,26,MI
6441030,2018,43.0212,-83.7047,26,MI
6440031,2018,42.9883,-83.7182,26,MI
6440018,2018,42.8922,-83.6424,26,MI
6441100,2018,43.9763,-84.4954,26,MI
6441450,2018,46.4783,-90.1057,26,MI
6440013,2018,44.7616,-85.6418,26,MI
6440040,2018,43.3907,-84.6631,26,MI
6441350,2018,41.9119,-84.6329,26,MI
6441660,2018,47.2385,-88.4433,26,MI
6441290,2018,47.1413,-88.5858,26,MI
6441295,2018,43.8425,-82.6519,26,MI
6440120,2018,43.8032,-83.032,26,MI
6442060,2018,43.8343,-83.2781,26,MI
6441595,2018,42.734,-84.5352,26,MI
6440047,2018,42.7339,-84.535,26,MI
6440009,2018,42.7037,-84.5551,26,MI
6441410,2018,42.9407,-85.0747,26,MI
6442395,2018,44.2753,-83.5095,26,MI
6440015,2018,46.0997,-88.6192,26,MI
6441850,2018,43.5993,-84.761,26,MI
6441531,2018,42.252,-84.3854,26,MI
6441500,2018,42.2508,-84.3927,26,MI
6440001,2018,42.2983,-84.3877,26,MI
6440017,2018,42.3073,-85.5609,26,MI
6441570,2018,42.279,-85.6043,26,MI
6441550,2018,42.2855,-85.5804,26,MI
6441575,2018,44.7318,-85.1831,26,MI
6441207,2018,42.8399,-85.6577,26,MI
6441190,2018,42.957,-85.6626,26,MI
6441231,2018,42.8567,-85.7227,26,MI
6441210,2018,42.9581,-85.6623,26,MI
6441175,2018,42.9441,-85.5583,26,MI
6440021,2018,42.9694,-85.6645,26,MI
6441640,2018,43.0628,-83.3205,26,MI
6442400,2018,42.0028,-83.9377,26,MI
6440010,2018,41.9137,-84.0491,26,MI
6441380,2018,42.6155,-83.9411,26,MI
6440248,2018,42.5185,-83.6954,26,MI
6441925,2018,46.3528,-85.5156,26,MI
6442305,2018,45.8912,-84.7276,26,MI
6440489,2018,42.5058,-83.0048,26,MI
6442475,2018,42.4517,-83.0816,26,MI
6441847,2018,42.5876,-82.8971,26,MI
6440053,2018,42.5055,-83.0667,26,MI
6440039,2018,42.6067,-82.8814,26,MI
6441915,2018,42.6768,-82.7561,26,MI
6441830,2018,42.6143,-82.9604,26,MI
6441705,2018,44.2725,-86.2719,26,MI
6441470,2018,46.5049,-87.6844,26,MI
6441720,2018,46.5543,-87.4008,26,MI
6441670,2018,43.9593,-86.4292,26,MI
6440240,2018,43.6938,-85.4749,26,MI
6441785,2018,43.6386,-84.2606,26,MI
6441795,2018,41.9252,-83.3889,26,MI
6442353,2018,43.216,-85.0742,26,MI
6440292,2018,43.1755,-84.8425,26,MI
6440026,2018,43.1748,-85.2692,26,MI
6440038,2018,43.2217,-86.243,26,MI
6441880,2018,43.2217,-86.243,26,MI
6441080,2018,43.464,-85.9504,26,MI
6442120,2018,42.6351,-83.3092,26,MI
6442198,2018,42.6807,-83.1493,26,MI
6442463,2018,42.6189,-83.0935,26,MI
6442148,2018,42.6385,-83.2907,26,MI
6441012,2018,42.4472,-83.1651,26,MI
6441011,2018,42.4464,-83.3235,26,MI
6440855,2018,42.4646,-83.2622,26,MI
6440785,2018,42.4576,-83.2034,26,MI
6440780,2018,42.4569,-83.2048,26,MI
6440517,2018,42.6385,-83.2907,26,MI
6440049,2018,42.5391,-83.4078,26,MI
6442245,2018,42.5177,-83.1936,26,MI
6440037,2018,42.6143,-83.276,26,MI
6440002,2018,42.6614,-83.2494,26,MI
6442200,2018,42.5929,-83.4992,26,MI
6442140,2018,42.6143,-83.276,26,MI
6442350,2018,43.6074,-86.3648,26,MI
6442510,2018,44.2634,-84.2463,26,MI
6442000,2018,46.8659,-89.303,26,MI
6442180,2018,43.8787,-85.5215,26,MI
6441095,2018,45.0354,-84.6755,26,MI
6442560,2018,42.8212,-85.9874,26,MI
6441360,2018,42.7749,-86.1138,26,MI
6441120,2018,43.0508,-86.2289,26,MI
6440032,2018,43.4285,-83.9566,26,MI
6440023,2018,43.4285,-83.9566,26,MI
6442250,2018,43.4551,-84.0513,26,MI
6442290,2018,43.4248,-83.9385,26,MI
6442295,2018,43.4453,-83.9621,26,MI
6442160,2018,42.9868,-82.4295,26,MI
6442297,2018,42.7852,-82.4809,26,MI
6442155,2018,42.9562,-82.4333,26,MI
6442410,2018,41.9351,-85.6479,26,MI
6442390,2018,41.795,-85.4077,26,MI
6442327,2018,43.4234,-82.8329,26,MI
6441690,2018,43.3325,-83.0814,26,MI
6440425,2018,43.5274,-82.7341,26,MI
6441685,2018,45.9845,-86.1323,26,MI
6442020,2018,43.0054,-84.1815,26,MI
6440295,2018,43.6044,-83.1812,26,MI
6440290,2018,43.4456,-83.4408,26,MI
6440280,2018,43.4932,-83.4071,26,MI
6442360,2018,42.3912,-86.263,26,MI
6442030,2018,42.2213,-85.897,26,MI
6449005,2018,42.238,-83.6007,26,MI
6440476,2018,42.1697,-83.6934,26,MI
6440331,2018,42.3104,-84.0166,26,MI
6440115,2018,42.2866,-83.7157,26,MI
6440110,2018,42.2848,-83.7295,26,MI
6440087,2018,42.2647,-83.6548,26,MI
6440041,2018,42.2618,-83.66,26,MI
6440803,2018,42.3499,-83.0556,26,MI
6442520,2018,42.2101,-83.1476,26,MI
6442455,2018,42.1169,-83.2136,26,MI
6442420,2018,42.2336,-83.2702,26,MI
6441669,2018,42.3943,-83.4043,26,MI
6441260,2018,42.3845,-82.9144,26,MI
6441087,2018,42.3322,-83.3146,26,MI
6440991,2018,42.2944,-83.346,26,MI
6440805,2018,42.4192,-82.915,26,MI
6440650,2018,42.3672,-83.0852,26,MI
6440630,2018,42.4191,-83.1823,26,MI
6440555,2018,42.3534,-83.0557,26,MI
6440480,2018,42.3516,-83.0546,26,MI
6440420,2018,42.3554,-83.0595,26,MI
6440405,2018,42.2907,-83.214,26,MI
6440055,2018,42.3845,-82.9144,26,MI
6440054,2018,42.4436,-82.9712,26,MI
6440044,2018,42.2563,-83.1639,26,MI
6440043,2018,42.3522,-83.0571,26,MI
6440036,2018,42.2101,-83.1476,26,MI
6440027,2018,42.352,-83.0572,26,MI
6440004,2018,42.2733,-83.3647,26,MI
6441943,2018,42.4205,-83.4346,26,MI
6440260,2018,44.2461,-85.3904,26,MI
6631445,2018,40.1926,-92.5901,29,MO
6630175,2018,40.3472,-95.3968,29,MO
6630685,2018,39.1725,-91.8773,29,MO
6639030,2018,36.6747,-93.8723,29,MO
6630730,2018,36.927,-93.9305,29,MO
6630585,2018,37.5023,-94.3,29,MO
6630047,2018,38.2495,-94.3408,29,MO
6630176,2018,38.9583,-92.3111,29,MO
6630165,2018,38.9372,-92.3288,29,MO
6630130,2018,38.949,-92.3156,29,MO
6630014,2018,38.9664,-92.3421,29,MO
6630150,2018,38.9382,-92.3285,29,MO
6630111,2018,39.7732,-94.771,29,MO
6630013,2018,39.7788,-94.812,29,MO
6630009,2018,39.7732,-94.771,29,MO
6630812,2018,36.7717,-90.4175,29,MO
6630456,2018,36.7717,-90.4574,29,MO
6630019,2018,36.787,-90.4434,29,MO
6630199,2018,38.8425,-91.9645,29,MO
6630200,2018,38.8471,-91.9399,29,MO
6639248,2018,38.1301,-92.6293,29,MO
6630786,2018,38.1209,-92.6833,29,MO
6630070,2018,37.3034,-89.5714,29,MO
6630032,2018,37.3078,-89.5759,29,MO
6630080,2018,37.3108,-89.5398,29,MO
6630087,2018,39.3756,-93.4942,29,MO
6630231,2018,38.6651,-94.3774,29,MO
6630035,2018,38.814,-94.5044,29,MO
6630156,2018,37.8602,-94.0174,29,MO
6630785,2018,39.1495,-94.5515,29,MO
6630605,2018,39.2747,-94.4244,29,MO
6630472,2018,39.1513,-94.5518,29,MO
6630160,2018,39.363,-94.2382,29,MO
6630043,2018,39.2194,-94.5872,29,MO
6630063,2018,39.7302,-94.218,29,MO
6630310,2018,38.56,-92.2219,29,MO
6630011,2018,38.5657,-92.1816,29,MO
6630040,2018,38.9245,-92.5798,29,MO
6631281,2018,37.6358,-91.5364,29,MO
6631410,2018,38.5522,-91.001,29,MO
6631365,2018,38.1959,-91.17,29,MO
6639075,2018,38.6931,-91.4496,29,MO
6639005,2018,40.2527,-94.3246,29,MO
6631360,2018,37.2059,-93.2952,29,MO
6631320,2018,37.225,-93.2899,29,MO
6630044,2018,37.1464,-93.2663,29,MO
6631350,2018,37.1796,-93.2749,29,MO
6630474,2018,37.1047,-93.2357,29,MO
6631390,2018,40.0676,-93.5817,29,MO
6630025,2018,40.2653,-94.0269,29,MO
6630125,2018,38.3897,-93.7688,29,MO
6639245,2018,38.5341,-93.5185,29,MO
6631465,2018,36.7383,-91.8747,29,MO
6630755,2018,37.0016,-91.7021,29,MO
6630037,2018,37.6244,-90.6477,29,MO
6639135,2018,39.085,-94.5722,29,MO
6630515,2018,39.0637,-94.5277,29,MO
6630470,2018,39.0466,-94.5902,29,MO
6630460,2018,38.9357,-94.6036,29,MO
6630435,2018,39.0085,-94.558,29,MO
6630381,2018,38.9754,-94.3943,29,MO
6630380,2018,39.0845,-94.5753,29,MO
6630340,2018,39.0838,-94.577,29,MO
6630065,2018,39.0256,-94.2634,29,MO
6630039,2018,39.0494,-94.3488,29,MO
6630029,2018,38.9401,-94.3776,29,MO
6630027,2018,39.0085,-94.558,29,MO
6630600,2018,38.9036,-94.3331,29,MO
6630410,2018,39.0299,-94.4677,29,MO
6630330,2018,37.0365,-94.5098,29,MO
6630090,2018,37.1362,-94.3212,29,MO
6630042,2018,37.0535,-94.5384,29,MO
6630008,2018,37.0527,-94.5268,29,MO
6630192,2018,38.2317,-90.389,29,MO
6631399,2018,38.7659,-93.7226,29,MO
6630590,2018,37.6816,-92.6343,29,MO
6630595,2018,39.1897,-93.8772,29,MO
6630010,2018,36.9697,-93.7101,29,MO
6631378,2018,38.983,-90.9636,29,MO
6639015,2018,39.7746,-93.0674,29,MO
6630100,2018,39.817,-93.5511,29,MO
6630625,2018,39.748,-92.4689,29,MO
6630197,2018,37.5597,-90.3029,29,MO
6630230,2018,39.7112,-91.4507,29,MO
6630760,2018,36.8668,-94.3696,29,MO
6630680,2018,40.326,-94.8761,29,MO
6630234,2018,36.2375,-89.741,29,MO
6630788,2018,37.7323,-89.8651,29,MO
6631290,2018,38.6994,-93.2211,29,MO
6630845,2018,37.9526,-91.7853,29,MO
6639150,2018,39.4407,-91.0648,29,MO
6630001,2018,39.2489,-94.6483,29,MO
6630050,2018,37.6265,-93.42,29,MO
6630195,2018,37.7658,-92.1148,29,MO
6639230,2018,40.4821,-93.0057,29,MO
6639173,2018,39.4252,-92.4137,29,MO
6630818,2018,39.2631,-93.9576,29,MO
6631280,2018,38.7936,-90.5797,29,MO
6630860,2018,38.7808,-90.4848,29,MO
6630575,2018,38.8026,-90.7758,29,MO
6630034,2018,38.7154,-90.6988,29,MO
6630021,2018,38.7808,-90.4848,29,MO
6630865,2018,38.7158,-90.672,29,MO
6630005,2018,38.1937,-94.0203,29,MO
6630931,2018,37.9693,-90.0546,29,MO
6630180,2018,37.7757,-90.4344,29,MO
6630030,2018,37.9121,-90.533,29,MO
6630003,2018,37.7818,-90.4383,29,MO
6639205,2018,38.5849,-90.4521,29,MO
6631215,2018,38.6863,-90.3153,29,MO
6631160,2018,38.5071,-90.3802,29,MO
6631010,2018,38.6763,-90.4685,29,MO
6630995,2018,38.633,-90.3112,29,MO
6630985,2018,38.7507,-90.4337,29,MO
6630568,2018,38.5284,-90.4758,29,MO
6630467,2018,38.6334,-90.3126,29,MO
6630185,2018,38.7765,-90.2402,29,MO
6630174,2018,38.6752,-90.5331,29,MO
6630075,2018,38.6513,-90.5032,29,MO
6630041,2018,38.6483,-90.5341,29,MO
6630022,2018,38.7099,-90.4151,29,MO
6631165,2018,38.6455,-90.4462,29,MO
6631100,2018,38.6362,-90.4465,29,MO
6630650,2018,39.0919,-93.2129,29,MO
6630684,2018,40.4655,-92.1646,29,MO
6631300,2018,36.8892,-89.5844,29,MO
663015A,2018,36.806,-89.9701,29,MO
6639165,2018,40.202,-93.1329,29,MO
6630045,2018,36.6497,-93.2212,29,MO
6639080,2018,37.3083,-91.9622,29,MO
6630775,2018,37.845,-94.3746,29,MO
6630770,2018,37.8303,-94.3604,29,MO
6630813,2018,37.9258,-90.7728,29,MO
6631270,2018,38.6323,-90.2583,29,MO
6631205,2018,38.605,-90.2774,29,MO
6631180,2018,38.6377,-90.2643,29,MO
6631130,2018,38.6431,-90.2631,29,MO
6631084,2018,38.6536,-90.2759,29,MO
6631020,2018,38.623,-90.2389,29,MO
6630945,2018,38.6212,-90.2391,29,MO
6630930,2018,38.6352,-90.2649,29,MO
6630280,2018,38.6422,-90.2305,29,MO
6630023,2018,38.5837,-90.2286,29,MO
6630020,2018,38.6373,-90.2579,29,MO
6880050,2018,39.4765,-118.766,32,NV
6880023,2018,36.1577,-115.228,32,NV
6889102,2018,36.1305,-115.138,32,NV
6889060,2018,36.195,-115.123,32,NV
6880435,2018,36.0729,-115.031,32,NV
6880400,2018,35.9963,-115.12,32,NV
6880085,2018,36.285,-115.094,32,NV
6880079,2018,36.1118,-115.222,32,NV
6880075,2018,36.1129,-115.125,32,NV
6880073,2018,36.1633,-115.167,32,NV
6880069,2018,36.1332,-115.136,32,NV
6880060,2018,36.0387,-114.984,32,NV
6880041,2018,36.146,-115.216,32,NV
6880039,2018,36.2868,-115.286,32,NV
6880032,2018,36.0573,-115.272,32,NV
6880029,2018,36.8098,-114.116,32,NV
6880026,2018,36.1263,-115.246,32,NV
6880022,2018,36.1579,-115.228,32,NV
6880019,2018,36.2055,-115.25,32,NV
6880018,2018,36.1079,-115.123,32,NV
6880016,2018,36.001,-115.121,32,NV
6880015,2018,36.1631,-115.163,32,NV
6880014,2018,36.0901,-115.241,32,NV
6880013,2018,36.0727,-115.295,32,NV
6880008,2018,36.0046,-115.115,32,NV
6880006,2018,36.181,-115.317,32,NV
6880003,2018,36.0387,-114.984,32,NV
6880001,2018,36.1567,-115.194,32,NV
6880010,2018,35.9674,-114.843,32,NV
6880071,2018,36.1597,-115.168,32,NV
6880440,2018,36.0788,-115.281,32,NV
6880007,2018,36.2156,-115.249,32,NV
6880017,2018,36.1166,-115.11,32,NV
6880063,2018,36.2461,-115.049,32,NV
6880038,2018,36.0803,-115.292,32,NV
6880027,2018,38.9188,-119.72,32,NV
6880040,2018,40.8227,-115.731,32,NV
6880150,2018,40.9712,-117.727,32,NV
6889010,2018,40.6422,-116.937,32,NV
6880004,2018,37.6227,-114.512,32,NV
6880155,2018,38.9842,-119.167,32,NV
6880055,2018,38.5182,-118.628,32,NV
6880037,2018,36.2146,-116.025,32,NV
6880072,2018,40.1761,-118.482,32,NV
6880200,2018,39.2515,-119.954,32,NV
6880145,2018,39.5018,-119.757,32,NV
6880130,2018,39.5255,-119.795,32,NV
6880120,2018,39.516,-119.799,32,NV
6880115,2018,39.5379,-119.797,32,NV
6880110,2018,39.5325,-119.819,32,NV
6880100,2018,39.5307,-119.78,32,NV
6880031,2018,39.436,-119.76,32,NV
6880005,2018,39.541,-119.697,32,NV
6880002,2018,39.524,-119.792,32,NV
6880125,2018,39.541,-119.697,32,NV
6880045,2018,39.2566,-114.859,32,NV
6880025,2018,39.202,-119.784,32,NV
6880011,2018,39.171,-119.772,32,NV
6210075,2018,42.6496,-73.7744,36,NY
6210071,2018,42.6541,-73.7797,36,NY
6210070,2018,42.6558,-73.8037,36,NY
6210050,2018,42.6741,-73.7486,36,NY
6210030,2018,42.6532,-73.7764,36,NY
6211400,2018,42.213,-78.2875,36,NY
6215260,2018,42.1224,-77.9506,36,NY
6213580,2018,40.869,-73.903,36,NY
6213100,2018,40.8808,-73.8795,36,NY
6213010,2018,40.8169,-73.9244,36,NY
6212928,2018,40.848,-73.8449,36,NY
6212700,2018,40.8547,-73.8464,36,NY
6212692,2018,40.8478,-73.8397,36,NY
6212675,2018,40.8313,-73.9037,36,NY
6210034,2018,40.8539,-73.8904,36,NY
6210395,2018,40.8804,-73.8809,36,NY
6210350,2018,42.1059,-75.8682,36,NY
6211545,2018,42.0881,-75.9146,36,NY
6210370,2018,42.0911,-75.9361,36,NY
6210009,2018,42.0897,-78.4279,36,NY
6210180,2018,42.9414,-76.5647,36,NY
6212040,2018,42.0913,-79.232,36,NY
6211470,2018,42.4813,-79.3342,36,NY
6215280,2018,42.3288,-79.5699,36,NY
6211540,2018,42.0921,-76.7972,36,NY
6211530,2018,42.0911,-76.7952,36,NY
6211510,2018,42.1003,-76.8281,36,NY
6213710,2018,42.5412,-75.5258,36,NY
6213990,2018,44.7004,-73.4695,36,NY
6211225,2018,42.2459,-73.7771,36,NY
6211370,2018,42.6088,-76.1876,36,NY
6212370,2018,42.1464,-74.6425,36,NY
6211450,2018,42.2683,-74.9201,36,NY
6215165,2018,42.1645,-75.1286,36,NY
6214180,2018,41.9351,-73.9129,36,NY
6214140,2018,41.6938,-73.9358,36,NY
6214650,2018,42.5085,-78.6592,36,NY
6212105,2018,42.9777,-78.8799,36,NY
6211145,2018,42.9513,-78.8122,36,NY
6211120,2018,42.8987,-78.8646,36,NY
6211100,2018,42.8476,-78.8126,36,NY
6211095,2018,42.9184,-78.8678,36,NY
6211070,2018,42.9254,-78.8313,36,NY
6211040,2018,42.9291,-78.8802,36,NY
6211025,2018,42.9007,-78.8657,36,NY
6211000,2018,42.9285,-78.8486,36,NY
6215305,2018,42.8203,-78.7337,36,NY
6211490,2018,44.2158,-73.5959,36,NY
6212350,2018,44.8569,-74.292,36,NY
6210007,2018,44.3455,-74.1435,36,NY
6211690,2018,43.0695,-74.33,36,NY
6210240,2018,43.0134,-78.1977,36,NY
6210033,2018,43.0043,-78.1786,36,NY
6212230,2018,43.0441,-74.8489,36,NY
6211205,2018,43.987,-75.5941,36,NY
6210120,2018,44.3377,-75.9206,36,NY
6215210,2018,43.9652,-75.9142,36,NY
6210970,2018,40.7043,-73.9181,36,NY
6210965,2018,40.7004,-73.9418,36,NY
6210747,2018,40.6395,-73.9984,36,NY
6210740,2018,40.6139,-73.9486,36,NY
6210690,2018,40.6567,-73.9462,36,NY
6210680,2018,40.6596,-73.9338,36,NY
6210665,2018,40.6782,-73.9375,36,NY
6210570,2018,40.5855,-73.9656,36,NY
6210555,2018,40.668,-73.9794,36,NY
6210545,2018,40.6898,-73.9779,36,NY
6210510,2018,40.6563,-73.9383,36,NY
6210469,2018,40.6557,-73.9458,36,NY
6210035,2018,40.6068,-74.0212,36,NY
6212320,2018,43.7957,-75.4995,36,NY
6211430,2018,42.5522,-77.6983,36,NY
6213820,2018,43.0776,-75.6541,36,NY
6211775,2018,42.8133,-75.5432,36,NY
6214330,2018,43.1231,-77.625,36,NY
6214310,2018,43.1236,-77.6103,36,NY
6214290,2018,43.1929,-77.587,36,NY
6214280,2018,43.1918,-77.7037,36,NY
6214240,2018,43.1353,-77.6058,36,NY
6210170,2018,42.9546,-74.2167,36,NY
6214410,2018,40.8043,-73.6705,36,NY
6214360,2018,40.6859,-73.6335,36,NY
6213977,2018,40.7751,-73.4787,36,NY
6213735,2018,40.6512,-73.631,36,NY
6212450,2018,40.7406,-73.643,36,NY
6212357,2018,40.7776,-73.7017,36,NY
6211810,2018,40.7262,-73.5537,36,NY
6211680,2018,40.7532,-73.7069,36,NY
6211660,2018,40.8708,-73.6224,36,NY
6210335,2018,40.7271,-73.4789,36,NY
6210440,2018,40.7157,-74.0023,36,NY
6213335,2018,40.8056,-73.9613,36,NY
6213270,2018,40.8426,-73.9446,36,NY
6213190,2018,40.7319,-73.9846,36,NY
6213140,2018,40.79,-73.9537,36,NY
6213070,2018,40.7852,-73.945,36,NY
6213060,2018,40.7641,-73.956,36,NY
6212990,2018,40.7738,-73.9608,36,NY
6212925,2018,40.7421,-73.9743,36,NY
6212910,2018,40.7629,-73.9558,36,NY
6212900,2018,40.765,-73.9526,36,NY
6212830,2018,40.8141,-73.9398,36,NY
6212815,2018,40.7697,-73.9531,36,NY
6212760,2018,40.8017,-73.9311,36,NY
6212655,2018,40.7327,-73.9816,36,NY
6212630,2018,40.7392,-73.9755,36,NY
6210511,2018,40.8017,-73.9311,36,NY
6210266,2018,40.7936,-73.9506,36,NY
6210036,2018,40.803,-73.9412,36,NY
6210024,2018,40.7647,-73.954,36,NY
6213670,2018,43.0939,-79.0496,36,NY
6213660,2018,43.1543,-79.0323,36,NY
6210263,2018,43.1775,-78.6712,36,NY
6214390,2018,43.2289,-75.4441,36,NY
6212365,2018,43.1673,-75.3022,36,NY
6210013,2018,43.0967,-75.2761,36,NY
6215130,2018,43.1003,-75.2602,36,NY
6215090,2018,43.082,-75.2664,36,NY
6214885,2018,43.0438,-76.1414,36,NY
6214870,2018,43.0557,-76.1498,36,NY
6214923,2018,43.0386,-76.139,36,NY
6214900,2018,43.0455,-76.1397,36,NY
6214890,2018,43.0414,-76.1383,36,NY
6211650,2018,42.8765,-76.9883,36,NY
6211290,2018,42.9601,-77.1367,36,NY
6211190,2018,42.901,-77.2712,36,NY
6211180,2018,42.8762,-77.2897,36,NY
6214053,2018,41.3677,-74.6818,36,NY
6210041,2018,41.4423,-74.3682,36,NY
6210037,2018,41.5035,-74.0146,36,NY
6210021,2018,41.4035,-74.3927,36,NY
6215300,2018,41.4018,-73.9773,36,NY
6215180,2018,41.2614,-74.3573,36,NY
6212390,2018,43.2235,-78.3976,36,NY
6213900,2018,43.4541,-76.5165,36,NY
6213830,2018,42.458,-75.0523,36,NY
6210001,2018,42.696,-74.9232,36,NY
6211215,2018,41.4135,-73.6762,36,NY
6211200,2018,41.3832,-73.6637,36,NY
6214150,2018,40.7415,-73.7315,36,NY
6213180,2018,40.7445,-73.8863,36,NY
6213055,2018,40.7207,-73.8079,36,NY
6212010,2018,40.7172,-73.8035,36,NY
6211980,2018,40.7009,-73.816,36,NY
6211600,2018,40.7553,-73.8167,36,NY
6211595,2018,40.7471,-73.8256,36,NY
6211570,2018,40.5987,-73.7532,36,NY
6210325,2018,40.7458,-73.7265,36,NY
6214990,2018,42.7335,-73.6726,36,NY
6214735,2018,40.5839,-74.0867,36,NY
6214690,2018,40.5819,-74.0805,36,NY
6210025,2018,40.6358,-74.106,36,NY
6214765,2018,41.1115,-74.1354,36,NY
6213860,2018,41.0444,-73.9686,36,NY
6213855,2018,41.0545,-73.9774,36,NY
6213720,2018,41.096,-73.9261,36,NY
6215290,2018,41.2093,-73.9855,36,NY
6214670,2018,44.1628,-75.0563,36,NY
6213760,2018,44.7167,-75.4505,36,NY
6213740,2018,44.6916,-75.4998,36,NY
6212380,2018,44.9356,-74.9072,36,NY
6211720,2018,44.3377,-75.4742,36,NY
6211185,2018,44.6768,-74.9824,36,NY
6214520,2018,43.0859,-73.7971,36,NY
6210057,2018,43.0576,-73.7841,36,NY
6214585,2018,42.8687,-73.9103,36,NY
6214560,2018,42.8201,-73.9165,36,NY
6214550,2018,42.8211,-73.915,36,NY
6211295,2018,42.687,-74.4821,36,NY
6212490,2018,42.3522,-76.8595,36,NY
6211860,2018,42.3139,-77.6608,36,NY
6211350,2018,42.1359,-76.9698,36,NY
6210260,2018,42.3434,-77.3461,36,NY
6210250,2018,42.3741,-77.2787,36,NY
6214775,2018,40.9124,-73.1234,36,NY
6214616,2018,40.8683,-73.223,36,NY
6214195,2018,40.9344,-72.6736,36,NY
6214055,2018,40.946,-73.0606,36,NY
6214050,2018,40.94,-73.0548,36,NY
6213923,2018,40.7803,-72.9772,36,NY
6213690,2018,40.8937,-73.3088,36,NY
6212435,2018,40.7937,-73.3841,36,NY
6211880,2018,40.8793,-73.4159,36,NY
6211812,2018,40.7965,-73.2815,36,NY
6211770,2018,41.1104,-72.3609,36,NY
6210280,2018,40.7258,-73.2415,36,NY
6210150,2018,40.6852,-73.4222,36,NY
6210145,2018,40.6848,-73.4213,36,NY
6215295,2018,40.6941,-73.2942,36,NY
6212206,2018,41.7093,-74.7373,36,NY
6210058,2018,41.7403,-75.0474,36,NY
6211960,2018,42.4693,-76.5373,36,NY
6212140,2018,41.9265,-73.9941,36,NY
6212130,2018,41.9215,-73.9987,36,NY
6211500,2018,41.7327,-74.3792,36,NY
6211670,2018,43.3066,-73.6465,36,NY
6212565,2018,43.0597,-77.1022,36,NY
6213930,2018,41.2926,-73.8926,36,NY
6213880,2018,41.1535,-73.868,36,NY
6213870,2018,41.1088,-73.8633,36,NY
6212600,2018,40.9129,-73.7875,36,NY
6212530,2018,40.9126,-73.8404,36,NY
6212500,2018,41.1968,-73.7257,36,NY
6212080,2018,41.2663,-73.6553,36,NY
6210039,2018,40.9688,-73.8863,36,NY
6210028,2018,41.2443,-73.926,36,NY
6215460,2018,40.9293,-73.8979,36,NY
6215330,2018,41.026,-73.7694,36,NY
6215315,2018,41.0166,-73.7521,36,NY
6215150,2018,41.0862,-73.806,36,NY
6215140,2018,41.0747,-73.7997,36,NY
6215170,2018,42.7542,-78.1307,36,NY
6213950,2018,42.671,-77.0612,36,NY
6920060,2018,44.7948,-117.847,41,OR
6920110,2018,44.6032,-123.253,41,OR
6920045,2018,45.431,-122.561,41,OR
6920296,2018,45.4495,-122.628,41,OR
6920350,2018,45.3563,-122.587,41,OR
6920015,2018,46.1883,-123.819,41,OR
6920725,2018,45.9889,-123.912,41,OR
6920065,2018,43.1133,-124.403,41,OR
6920105,2018,43.1796,-124.179,41,OR
6920327,2018,43.3858,-124.233,41,OR
6920610,2018,44.2986,-120.827,41,OR
6920165,2018,42.4116,-124.418,41,OR
6920070,2018,44.068,-121.269,41,OR
6920612,2018,44.2887,-121.169,41,OR
6920630,2018,43.2271,-123.365,41,OR
6920620,2018,43.2417,-123.367,41,OR
6920614,2018,43.6945,-124.137,41,OR
6920195,2018,44.4174,-118.958,41,OR
6920075,2018,43.5886,-119.06,41,OR
6920190,2018,45.7046,-121.524,41,OR
6920290,2018,42.34,-122.862,41,OR
6920280,2018,42.3175,-122.831,41,OR
6920025,2018,42.2057,-122.725,41,OR
6920242,2018,44.6375,-121.12,41,OR
6920005,2018,42.4212,-123.343,41,OR
6920207,2018,42.253,-121.785,41,OR
6920231,2018,42.1811,-120.353,41,OR
6920741,2018,44.0533,-123.004,41,OR
6920160,2018,44.0464,-123.081,41,OR
6920125,2018,43.8039,-123.04,41,OR
6920051,2018,44.0815,-123.027,41,OR
6920163,2018,43.9747,-124.119,41,OR
6920243,2018,44.9858,-123.995,41,OR
6920325,2018,44.63,-124.06,41,OR
6920241,2018,44.5511,-122.907,41,OR
6920010,2018,44.6317,-123.116,41,OR
6920340,2018,44.0252,-116.977,41,OR
6920743,2018,44.8054,-122.785,41,OR
6920740,2018,45.0045,-122.79,41,OR
6920660,2018,44.9394,-123.003,41,OR
6920708,2018,44.9325,-123.034,41,OR
6920172,2018,45.3559,-119.549,41,OR
6920173,2018,45.5175,-122.407,41,OR
6920590,2018,45.4963,-122.684,41,OR
6920560,2018,45.5008,-122.684,41,OR
6920007,2018,45.5358,-122.556,41,OR
6920003,2018,45.5435,-122.67,41,OR
6920520,2018,45.5274,-122.614,41,OR
6920418,2018,45.5303,-122.698,41,OR
6920510,2018,45.5123,-122.559,41,OR
6920570,2018,45.5,-122.687,41,OR
6920130,2018,44.9192,-123.311,41,OR
6920780,2018,45.4569,-123.854,41,OR
6920175,2018,45.8361,-119.312,41,OR
6920380,2018,45.6478,-118.812,41,OR
6920210,2018,45.3195,-118.106,41,OR
6920140,2018,45.4323,-117.284,41,OR
6920770,2018,45.5873,-121.164,41,OR
6920805,2018,45.3789,-122.74,41,OR
6920434,2018,45.5391,-122.877,41,OR
6920004,2018,45.5195,-122.978,41,OR
6920226,2018,45.5058,-122.783,41,OR
6920540,2018,45.5096,-122.771,41,OR
6920315,2018,45.3081,-122.936,41,OR
6920270,2018,45.1982,-123.165,41,OR
6230820,2018,39.8246,-77.2347,42,PA
6233535,2018,40.3212,-80.1126,42,PA
6233480,2018,40.4468,-79.892,42,PA
6233220,2018,40.6188,-79.7369,42,PA
6233100,2018,40.5428,-80.1783,42,PA
6232690,2018,40.4615,-79.9464,42,PA
6232610,2018,40.4875,-79.8964,42,PA
6232575,2018,40.3781,-80.0666,42,PA
6232551,2018,40.4289,-79.7481,42,PA
6232540,2018,40.5733,-80.0145,42,PA
6232510,2018,40.4361,-79.9856,42,PA
6232505,2018,40.4432,-79.9195,42,PA
6232460,2018,40.4368,-79.9607,42,PA
6232435,2018,40.4642,-79.9375,42,PA
6232430,2018,40.4663,-79.9531,42,PA
6231340,2018,40.4728,-80.0907,42,PA
6231330,2018,40.3512,-79.8495,42,PA
6231200,2018,40.5763,-80.2031,42,PA
6230979,2018,40.3184,-79.9335,42,PA
6230890,2018,40.5507,-79.8717,42,PA
6230517,2018,40.4366,-79.7602,42,PA
6230079,2018,40.3512,-79.8495,42,PA
6230078,2018,40.4428,-79.9608,42,PA
6230047,2018,40.4451,-79.9589,42,PA
6230044,2018,40.4386,-80.2087,42,PA
6230041,2018,40.4566,-80.0028,42,PA
6230029,2018,40.4428,-79.9608,42,PA
6231100,2018,40.8089,-79.5622,42,PA
6230100,2018,40.7121,-80.321,42,PA
6230067,2018,40.7121,-80.321,42,PA
6230805,2018,40.0199,-78.347,42,PA
6233443,2018,40.3324,-75.95,42,PA
6233390,2018,40.3305,-76.106,42,PA
6232855,2018,40.2886,-75.9249,42,PA
6230561,2018,40.3607,-75.9904,42,PA
6230497,2018,40.338,-75.9253,42,PA
6230289,2018,40.3585,-75.9879,42,PA
6230051,2018,40.3755,-75.9788,42,PA
6238015,2018,40.498,-78.3921,42,PA
6233267,2018,40.675,-78.2507,42,PA
6232920,2018,40.3378,-78.3889,42,PA
6230086,2018,40.5216,-78.3989,42,PA
6230075,2018,40.4892,-78.3977,42,PA
6233260,2018,41.784,-76.4482,42,PA
6232970,2018,41.9804,-76.52,42,PA
6231409,2018,41.7936,-76.7944,42,PA
6239075,2018,40.3008,-75.1544,42,PA
6233090,2018,40.3636,-75.3262,42,PA
6232820,2018,40.4387,-75.3489,42,PA
6231130,2018,40.2026,-74.9252,42,PA
6230694,2018,40.119,-74.9271,42,PA
6230590,2018,40.3056,-75.1465,42,PA
6230562,2018,40.2026,-74.9252,42,PA
6230504,2018,40.181,-74.8851,42,PA
6230293,2018,40.113,-74.9628,42,PA
6230205,2018,40.1053,-74.8674,42,PA
6230270,2018,40.8673,-79.8804,42,PA
6233170,2018,40.6579,-78.7052,42,PA
6230076,2018,40.3259,-78.921,42,PA
6230052,2018,40.3055,-78.9191,42,PA
6231205,2018,40.8333,-75.7259,42,PA
6231530,2018,40.8106,-77.7126,42,PA
6230135,2018,40.8603,-77.7558,42,PA
6230130,2018,40.8058,-77.8647,42,PA
6239205,2018,40.0107,-75.5298,42,PA
6239200,2018,40.0289,-75.5435,42,PA
6233442,2018,39.8219,-75.887,42,PA
6233430,2018,40.0445,-75.5022,42,PA
6233400,2018,39.971,-75.6025,42,PA
6232390,2018,40.1237,-75.5154,42,PA
6230585,2018,40.012,-75.6833,42,PA
6230470,2018,39.9981,-75.796,42,PA
6230460,2018,40.0098,-75.7861,42,PA
6230185,2018,40.0078,-75.5107,42,PA
6230083,2018,39.9684,-75.6009,42,PA
6239055,2018,41.1926,-79.3967,42,PA
6230018,2018,41.1937,-79.3976,42,PA
6230615,2018,41.1149,-78.7752,42,PA
6230430,2018,41.033,-78.4491,42,PA
6232880,2018,41.3279,-77.7368,42,PA
6231270,2018,41.1319,-77.4702,42,PA
6230170,2018,41.0087,-76.4528,42,PA
6230150,2018,41.0711,-76.2318,42,PA
6233240,2018,41.6338,-79.6799,42,PA
6231335,2018,41.6415,-80.1457,42,PA
6231365,2018,40.2111,-76.9741,42,PA
6230340,2018,40.1834,-77.2231,42,PA
6230300,2018,40.2175,-76.9229,42,PA
6230297,2018,40.2538,-76.922,42,PA
6230294,2018,40.0553,-77.5371,42,PA
6230071,2018,40.2502,-76.9226,42,PA
6230705,2018,40.264,-76.6767,42,PA
6230538,2018,40.2843,-76.8173,42,PA
6230287,2018,40.2865,-76.8981,42,PA
6230088,2018,40.2727,-76.6876,42,PA
6230039,2018,40.2577,-76.8804,42,PA
6231375,2018,39.9127,-75.4309,42,PA
6230610,2018,39.9547,-75.2836,42,PA
6230555,2018,39.9271,-75.2687,42,PA
6230400,2018,39.8558,-75.3682,42,PA
6230260,2018,40.0188,-75.3213,42,PA
6232960,2018,41.4325,-78.582,42,PA
6230785,2018,42.102,-80.063,42,PA
6230783,2018,42.0777,-80.0926,42,PA
6230780,2018,42.1112,-80.0793,42,PA
6230775,2018,42.1341,-80.0844,42,PA
6230760,2018,42.1337,-80.0865,42,PA
6230510,2018,41.936,-79.6125,42,PA
6230072,2018,42.123,-80.0876,42,PA
6233280,2018,39.9018,-79.7385,42,PA
6230500,2018,40.0229,-79.5867,42,PA
6233360,2018,39.7516,-77.5684,42,PA
6230360,2018,39.9342,-77.6463,42,PA
6231325,2018,39.9372,-78.0068,42,PA
6233370,2018,39.9006,-80.1729,42,PA
6231000,2018,40.4931,-78.0143,42,PA
6231010,2018,40.6088,-79.1594,42,PA
6232810,2018,40.9613,-78.9997,42,PA
6230210,2018,41.1571,-79.0916,42,PA
6233010,2018,41.4105,-75.6507,42,PA
6233000,2018,41.4127,-75.6536,42,PA
6232980,2018,41.4001,-75.6463,42,PA
6232979,2018,41.4474,-75.6734,42,PA
6230420,2018,41.4775,-75.7429,42,PA
6239183,2018,40.1317,-76.3103,42,PA
6231140,2018,40.0409,-76.3205,42,PA
6231120,2018,40.0472,-76.3041,42,PA
6230745,2018,40.1872,-76.1824,42,PA
6230288,2018,40.0622,-76.3517,42,PA
6231510,2018,41.0136,-80.3539,42,PA
6230720,2018,40.8588,-80.2871,42,PA
6231195,2018,40.3185,-76.398,42,PA
6231192,2018,40.2674,-76.462,42,PA
6230019,2018,40.3371,-76.4175,42,PA
6239015,2018,40.5931,-75.4646,42,PA
6230286,2018,40.6128,-75.5292,42,PA
6230040,2018,40.6084,-75.4684,42,PA
6230028,2018,40.6479,-75.6129,42,PA
6230013,2018,40.5669,-75.519,42,PA
6233455,2018,41.248,-75.8356,42,PA
6233435,2018,41.2463,-75.8543,42,PA
6232955,2018,41.2465,-76.2341,42,PA
6232725,2018,41.2526,-75.8137,42,PA
6230950,2018,40.9492,-75.9641,42,PA
6230554,2018,41.2584,-75.8666,42,PA
6230026,2018,41.2584,-75.8666,42,PA
6230001,2018,41.2697,-75.8893,42,PA
6233500,2018,41.2467,-77.0151,42,PA
6233485,2018,41.2601,-76.9848,42,PA
6231480,2018,41.2097,-76.7752,42,PA
6231020,2018,41.2025,-77.2684,42,PA
6231070,2018,41.6888,-78.861,42,PA
6230200,2018,41.9612,-78.6595,42,PA
6233120,2018,41.2323,-80.4959,42,PA
6230855,2018,41.1702,-80.0829,42,PA
6230084,2018,41.3307,-80.4176,42,PA
6230024,2018,41.2106,-80.4695,42,PA
6231240,2018,40.618,-77.5669,42,PA
6230680,2018,40.9931,-75.1753,42,PA
6230552,2018,40.9978,-75.2598,42,PA
6232770,2018,40.2427,-75.6121,42,PA
6232335,2018,40.1346,-75.2159,42,PA
6231970,2018,39.9884,-75.262,42,PA
6231583,2018,40.1402,-75.3158,42,PA
6231570,2018,40.1316,-75.3442,42,PA
6231565,2018,40.1359,-75.3558,42,PA
6231345,2018,40.1098,-75.0824,42,PA
6231150,2018,40.2504,-75.2715,42,PA
6230807,2018,40.1582,-75.3681,42,PA
6230640,2018,40.1527,-75.417,42,PA
6230515,2018,40.1507,-75.3426,42,PA
6230455,2018,40.2157,-75.5535,42,PA
6230080,2018,40.1875,-75.1893,42,PA
6230010,2018,40.1194,-75.1204,42,PA
6230550,2018,40.9678,-76.6053,42,PA
6230540,2018,40.9573,-76.5969,42,PA
6230059,2018,40.9678,-76.6053,42,PA
6230058,2018,40.9716,-76.5995,42,PA
6230660,2018,40.6871,-75.2428,42,PA
6230516,2018,40.6726,-75.3658,42,PA
6230456,2018,40.6491,-75.288,42,PA
6230063,2018,40.6449,-75.4087,42,PA
6230049,2018,40.6097,-75.3929,42,PA
6233200,2018,40.8621,-76.7785,42,PA
6232325,2018,39.948,-75.2001,42,PA
6232300,2018,40.0053,-75.1507,42,PA
6232270,2018,40.0072,-75.1513,42,PA
6232210,2018,40.0066,-75.1247,42,PA
6232200,2018,39.9263,-75.1702,42,PA
6232170,2018,39.9583,-75.1991,42,PA
6232130,2018,39.9999,-75.2151,42,PA
6232030,2018,40.0588,-75.0422,42,PA
6231980,2018,40.029,-75.2101,42,PA
6231977,2018,39.9568,-75.1654,42,PA
6231965,2018,39.9816,-75.1346,42,PA
6231930,2018,40.0705,-75.0878,42,PA
6231900,2018,39.9501,-75.194,42,PA
6231890,2018,39.9573,-75.1631,42,PA
6231860,2018,40.0266,-75.0995,42,PA
6231810,2018,40.0434,-75.2216,42,PA
6231730,2018,39.9487,-75.1935,42,PA
6231710,2018,40.0798,-75.2132,42,PA
6231660,2018,40.0662,-75.0919,42,PA
6231634,2018,40.0367,-75.1432,42,PA
6230557,2018,40.0117,-75.1845,42,PA
6230506,2018,39.9617,-75.2185,42,PA
6230292,2018,39.9449,-75.1727,42,PA
6230082,2018,40.0189,-75.099,42,PA
6230054,2018,40.0717,-74.9832,42,PA
6230046,2018,40.0461,-75.0971,42,PA
6230043,2018,39.9498,-75.1584,42,PA
6230022,2018,39.9455,-75.1555,42,PA
6230016,2018,39.9711,-75.1496,42,PA
6230522,2018,41.7718,-77.9804,42,PA
6232800,2018,40.6839,-76.1882,42,PA
6230440,2018,40.8213,-75.9139,42,PA
6233520,2018,40.242,-78.8383,42,PA
6233140,2018,40.0071,-79.0778,42,PA
6231415,2018,39.809,-79.0255,42,PA
6233210,2018,41.9298,-75.5906,42,PA
6231460,2018,41.8376,-75.8367,42,PA
6233380,2018,41.7447,-77.2998,42,PA
6231220,2018,40.9574,-76.8848,42,PA
6231210,2018,40.9796,-76.8864,42,PA
6230023,2018,41.3616,-79.7,42,PA
6233300,2018,41.8792,-79.1459,42,PA
6233290,2018,41.8433,-79.1547,42,PA
6233320,2018,40.1835,-80.2462,42,PA
6230505,2018,40.1565,-80.2791,42,PA
6230370,2018,40.1815,-79.9113,42,PA
6230310,2018,40.2462,-80.1906,42,PA
6230990,2018,41.5767,-75.2603,42,PA
6233250,2018,40.417,-79.2269,42,PA
6231470,2018,40.1452,-79.5496,42,PA
6231160,2018,40.321,-79.3946,42,PA
6230840,2018,40.3007,-79.5552,42,PA
6230074,2018,40.321,-79.3946,42,PA
6231405,2018,41.5788,-75.9737,42,PA
6233555,2018,39.9806,-76.7812,42,PA
6233550,2018,39.9459,-76.7184,42,PA
6233549,2018,39.9672,-76.6927,42,PA
6230880,2018,39.8087,-76.9828,42,PA
6230501,2018,39.9263,-76.719,42,PA
6230499,2018,39.9169,-76.6956,42,PA
6370010,2018,34.1595,-82.3819,45,SC
6370008,2018,33.5712,-81.7618,45,SC
6370245,2018,32.9654,-81.2481,45,SC
6370030,2018,34.5116,-82.6464,45,SC
6370027,2018,34.4802,-82.5662,45,SC
6370021,2018,34.5378,-82.6281,45,SC
6370390,2018,32.2239,-80.7148,45,SC
6370055,2018,32.3893,-80.6824,45,SC
6370050,2018,32.417,-80.6876,45,SC
6370460,2018,32.8213,-79.8506,45,SC
6370232,2018,32.9746,-80.0735,45,SC
6370103,2018,32.784,-79.9539,45,SC
6370100,2018,32.8084,-80.0424,45,SC
6370095,2018,32.8393,-79.9744,45,SC
6370090,2018,32.7831,-79.9494,45,SC
6370085,2018,32.7844,-79.9468,45,SC
6370035,2018,32.8777,-79.7692,45,SC
6370026,2018,32.8151,-79.856,45,SC
6370022,2018,32.9758,-80.07,45,SC
6370290,2018,35.0898,-81.6345,45,SC
6370110,2018,34.6843,-81.184,45,SC
6370495,2018,34.6954,-79.9194,45,SC
6370445,2018,33.687,-80.2111,45,SC
6370670,2018,32.9232,-80.6698,45,SC
6370380,2018,34.3502,-80.1047,45,SC
6370237,2018,34.3133,-79.8398,45,SC
6370240,2018,34.4215,-79.365,45,SC
6370243,2018,33.7782,-81.9294,45,SC
6370416,2018,33.8806,-79.7605,45,SC
6370017,2018,34.1887,-79.7645,45,SC
6370012,2018,34.1952,-79.755,45,SC
6370011,2018,34.1601,-79.7528,45,SC
6370009,2018,34.197,-79.7594,45,SC
6370295,2018,33.3799,-79.2843,45,SC
6370700,2018,34.964,-82.4548,45,SC
6370650,2018,34.9755,-82.4508,45,SC
6370595,2018,34.7201,-82.2483,45,SC
6370385,2018,34.8651,-82.2292,45,SC
6370378,2018,34.9202,-82.2444,45,SC
6370340,2018,34.8172,-82.413,45,SC
6370330,2018,34.8404,-82.4214,45,SC
6370323,2018,34.8184,-82.4142,45,SC
6370034,2018,34.8627,-82.2186,45,SC
6370033,2018,34.8517,-82.3273,45,SC
6370024,2018,34.8404,-82.4214,45,SC
6370375,2018,34.1758,-82.1574,45,SC
6370032,2018,34.1669,-82.1557,45,SC
6370665,2018,32.8551,-81.0874,45,SC
6370477,2018,33.7585,-78.8202,45,SC
6370444,2018,34.0575,-78.8986,45,SC
6370230,2018,33.7856,-79.0018,45,SC
6370031,2018,33.7878,-78.998,45,SC
6370018,2018,33.5608,-79.0431,45,SC
6370023,2018,32.3142,-81.0554,45,SC
6370070,2018,34.2531,-80.5909,45,SC
6379102,2018,34.8629,-80.8028,45,SC
6370430,2018,34.7179,-80.7884,45,SC
6370001,2018,34.4811,-81.9409,45,SC
6370671,2018,34.006,-81.1143,45,SC
6370667,2018,34.0062,-81.1183,45,SC
6370429,2018,34.0875,-81.1604,45,SC
6370013,2018,34.1866,-79.3254,45,SC
6370500,2018,34.2904,-81.6063,45,SC
6370590,2018,34.6947,-82.9852,45,SC
6370520,2018,33.5402,-80.8306,45,SC
6370007,2018,33.5352,-80.8206,45,SC
6370540,2018,34.8751,-82.7062,45,SC
6370244,2018,34.8411,-82.6068,45,SC
6370280,2018,34.0125,-80.9392,45,SC
6370218,2018,34.0211,-81.0316,45,SC
6370210,2018,33.9769,-80.9617,45,SC
6370195,2018,34.0661,-81.1151,45,SC
6370190,2018,34.0075,-81.0327,45,SC
6370170,2018,34.0142,-81.0132,45,SC
6370140,2018,34.0279,-81.0319,45,SC
6370135,2018,34.0824,-80.9959,45,SC
6370125,2018,34.0854,-80.984,45,SC
6370025,2018,34.0075,-81.0327,45,SC
6370002,2018,34.0277,-81.0286,45,SC
6370610,2018,34.9668,-81.9395,45,SC
6370600,2018,34.9783,-81.8956,45,SC
6370014,2018,34.9665,-81.9365,45,SC
6370640,2018,33.9236,-80.343,45,SC
6370660,2018,34.7122,-81.6292,45,SC
6370580,2018,34.9569,-81.0527,45,SC
6370019,2018,34.9586,-81.0525,45,SC
6340500,2018,37.7101,-75.7363,51,VA
6340120,2018,38.0226,-78.4444,51,VA
6340148,2018,37.7919,-79.8808,51,VA
6340180,2018,37.419,-79.121,51,VA
6340047,2018,38.8883,-77.1214,51,VA
6340040,2018,38.8892,-77.1273,51,VA
6340005,2018,38.0943,-78.986,51,VA
6340360,2018,37.9936,-79.8316,51,VA
6340050,2018,37.3524,-79.5163,51,VA
6340313,2018,37.2859,-82.066,51,VA
6340233,2018,37.4666,-77.6586,51,VA
6340021,2018,37.4669,-77.6603,51,VA
6340195,2018,38.4557,-78.0136,51,VA
6340014,2018,37.1606,-82.4491,51,VA
6341161,2018,37.9009,-76.8789,51,VA
6340240,2018,38.7056,-77.1434,51,VA
6340232,2018,38.8581,-77.232,51,VA
6340231,2018,38.8847,-77.3799,51,VA
6340030,2018,38.7397,-77.077,51,VA
6340025,2018,38.9623,-77.364,51,VA
6348005,2018,38.8701,-77.1584,51,VA
6340490,2018,38.8579,-77.2284,51,VA
6341165,2018,38.7121,-77.8087,51,VA
6341063,2018,36.9941,-79.8903,51,VA
6340677,2018,37.333,-80.7127,51,VA
6340521,2018,37.4193,-76.5416,51,VA
6340227,2018,36.7015,-77.5378,51,VA
6341075,2018,36.7127,-78.9142,51,VA
6340930,2018,37.6288,-77.3864,51,VA
6340896,2018,37.6288,-77.3883,51,VA
6340064,2018,37.5906,-77.4907,51,VA
6340012,2018,37.604,-77.5401,51,VA
6341220,2018,37.6111,-77.6676,51,VA
6340890,2018,37.5401,-77.4069,51,VA
6340480,2018,36.6985,-79.8665,51,VA
6349173,2018,37.3148,-76.7319,51,VA
6341195,2018,37.3367,-76.7411,51,VA
6341190,2018,37.2902,-76.7353,51,VA
6340425,2018,37.2509,-76.6685,51,VA
6340385,2018,37.7015,-76.3866,51,VA
6340236,2018,38.9393,-77.5528,51,VA
6340400,2018,39.074,-77.4775,51,VA
6341085,2018,36.7339,-78.1317,51,VA
6340140,2018,37.1875,-80.4113,51,VA
6340780,2018,37.0889,-80.5052,51,VA
6340515,2018,37.5467,-76.9784,51,VA
6340080,2018,37.1984,-78.1746,51,VA
6340420,2018,38.6624,-78.4692,51,VA
6340230,2018,37.3022,-78.404,51,VA
6341210,2018,38.637,-77.2864,51,VA
6340429,2018,38.8208,-77.6425,51,VA
6340760,2018,37.0683,-80.7571,51,VA
6340100,2018,37.3914,-80.111,51,VA
6340410,2018,37.7787,-79.4411,51,VA
6340390,2018,36.8988,-82.0785,51,VA
6341215,2018,38.8704,-78.5125,51,VA
6340470,2018,36.8315,-81.5102,51,VA
6340460,2018,36.8519,-81.4882,51,VA
6340023,2018,38.2182,-77.4961,51,VA
6340149,2018,38.4151,-77.4074,51,VA
6341175,2018,37.124,-81.489,51,VA
6340800,2018,37.0946,-81.82,51,VA
6340300,2018,38.9308,-78.1978,51,VA
6340010,2018,36.7226,-81.9118,51,VA
6340055,2018,36.8772,-82.7557,51,VA
6341230,2018,36.9548,-81.0969,51,VA
6340335,2018,37.0684,-76.3633,51,VA
6340020,2018,38.8225,-77.105,51,VA
6340237,2018,36.597,-82.217,51,VA
6340015,2018,38.0239,-78.5251,51,VA
6349172,2018,38.0515,-78.5495,51,VA
6344000,2018,38.0312,-78.4988,51,VA
6340145,2018,36.7461,-76.2461,51,VA
6340220,2018,36.578,-79.4054,51,VA
6340002,2018,36.5562,-79.41,51,VA
6340280,2018,36.6918,-76.9373,51,VA
6340290,2018,38.3109,-77.4832,51,VA
6340146,2018,38.3133,-77.4865,51,VA
6340315,2018,36.673,-80.9233,51,VA
6340370,2018,37.0164,-76.3334,51,VA
6340330,2018,37.0569,-76.3904,51,VA
6340340,2018,38.4051,-78.8554,51,VA
6340350,2018,37.3072,-77.2914,51,VA
6340225,2018,37.4382,-79.1872,51,VA
6340013,2018,37.4137,-79.1687,51,VA
6340454,2018,38.7671,-77.487,51,VA
6340234,2018,36.9862,-76.3928,51,VA
6340007,2018,37.2045,-76.5837,51,VA
6340540,2018,36.9862,-76.3928,51,VA
6340520,2018,37.0635,-76.4833,51,VA
6340510,2018,37.1443,-76.5116,51,VA
6340022,2018,36.8624,-76.3035,51,VA
6340660,2018,36.853,-76.1896,51,VA
6340630,2018,36.8668,-76.2063,51,VA
6340620,2018,36.8624,-76.3035,51,VA
6340580,2018,36.8508,-76.1902,51,VA
6340578,2018,36.8622,-76.302,51,VA
6340550,2018,36.8993,-76.2816,51,VA
6340675,2018,36.9436,-82.6227,51,VA
6340670,2018,36.9317,-82.6433,51,VA
6340147,2018,37.1843,-77.3637,51,VA
6349171,2018,37.2159,-77.4501,51,VA
6340710,2018,37.1823,-77.3593,51,VA
634069A,2018,37.1873,-77.3592,51,VA
6340690,2018,37.2159,-77.4501,51,VA
6340750,2018,36.844,-76.3049,51,VA
6340740,2018,36.8367,-76.348,51,VA
6340011,2018,37.5858,-77.5068,51,VA
6340009,2018,37.514,-77.5261,51,VA
6340960,2018,37.4978,-77.4669,51,VA
6340921,2018,37.5838,-77.5133,51,VA
6340860,2018,37.54,-77.4297,51,VA
6340830,2018,37.5709,-77.451,51,VA
6341040,2018,37.252,-79.943,51,VA
6340008,2018,37.2632,-80.0315,51,VA
6341060,2018,37.276,-80.0239,51,VA
6341120,2018,38.1428,-79.0276,51,VA
6341100,2018,38.1318,-79.0354,51,VA
6341153,2018,36.7732,-76.5806,51,VA
6340018,2018,36.8662,-76.0285,51,VA
6341162,2018,36.8648,-76.0265,51,VA
6341145,2018,36.7751,-76.0984,51,VA
6341200,2018,39.194,-78.1934,51,VA
